Metric,Cloud250_vs_Cloud250
Correlation,0.9982479403940343
KL Divergence,0.0002668825740304421
JS Divergence,6.660137604726231e-05
t-statistic,0.17089752754882553
p-value,0.8646567344235567
