Metric,Cloud250_vs_Cloud250_RUS
Correlation,0.998010183121422
KL Divergence,0.00027749258555041084
JS Divergence,6.938432202761982e-05
t-statistic,-0.060467128446621034
p-value,0.9519067622408153
