Metric,Human100_vs_RUS100,Human250_vs_RUS250
Correlation,0.832311114279744,0.8530873251387373
KL Divergence,0.08203668632903134,0.07296908415640177
JS Divergence,0.018958795283520638,0.01689683685362116
t-statistic,0.6402420246996388,0.6373998921108862
p-value,0.5243392549768611,0.5260813357048593
