Metric,Human500_vs_Agent500
Correlation,0.8075293837206164
KL Divergence,0.026192821861572745
JS Divergence,0.006310017498411782
t-statistic,0.1193453154636059
p-value,0.9053051790418907
