Metric,Human500_vs_RUS500
Correlation,0.8016593852778313
KL Divergence,0.026312443186815367
JS Divergence,0.006344297724888365
t-statistic,0.11047118062337549
p-value,0.9123126850282576
