Metric,Human1000_vs_RUS1000
Correlation,0.8036293726371607
KL Divergence,0.022768660492577374
JS Divergence,0.005485844833757525
t-statistic,0.05421432937104385
p-value,0.9568950120955158
