Comparison,Human↔Human_Corr,Human↔Cloud_Corr,Normalized_Accuracy
Human1000 vs Cloud1000,0.996785315592456,0.8036293726371607,0.806221119097757
