Metric,Human1000_vs_Human1000
Correlation,0.996785315592456
KL Divergence,0.0001380695408344431
JS Divergence,3.452847213414804e-05
t-statistic,-0.07257551052311477
p-value,0.9422918668601694
