Metric,Human100_vs_Human100,Human250_vs_Human250
Correlation,0.9712333599127125,0.9836684103347613
KL Divergence,0.0012451021220334277,0.0006683201460512082
JS Divergence,0.00031142625776606225,0.0001671429245760745
t-statistic,0.3301747486888878,-0.039651839509898236
p-value,0.7419768748429354,0.9684514007762197
