Metric,Value
Overall Correlation,0.7039117779364823
KL Divergence,0.023065292754190492
JS Divergence,0.005561991588661469
